<?xml version="1.0" encoding="UTF-8"?>
<project-private xmlns="http://www.netbeans.org/ns/project-private/1">
    <editor-bookmarks xmlns="http://www.netbeans.org/ns/editor-bookmarks/2" lastBookmarkId="0"/>
    <open-files xmlns="http://www.netbeans.org/ns/projectui-open-files/2">
        <group>
            <file>file:/C:/Users/alexa/Documents/ESPE/OCTAVO/Arquitectura/GITHUB/TI1.1SOAP_JAVA_SINBDD_GR04/02.CLIWEB/ConUni_Soap__G04_Cliente_Web/web/index.jsp</file>
            <file>file:/C:/Users/alexa/Documents/ESPE/OCTAVO/Arquitectura/GITHUB/TI1.1SOAP_JAVA_SINBDD_GR04/02.CLIWEB/ConUni_Soap__G04_Cliente_Web/web/LoginConversor.jsp</file>
        </group>
    </open-files>
</project-private>
